-- 0. DROP FK CONSTRAINT SEMENTARA (HANYA UNTUK TESTING!)
ALTER TABLE public.users DROP CONSTRAINT IF EXISTS users_id_fkey;

DELETE FROM public.solves WHERE id::text LIKE '20000000-%';
DELETE FROM public.challenges WHERE id::text LIKE '10000000-%';
DELETE FROM public.users WHERE id::text LIKE '00000000-%';

-- =========================
-- 1. Tambah banyak dummy users (35 user)
-- =========================
INSERT INTO public.users (id, username, is_admin)
VALUES
  ('00000000-0000-0000-0000-000000000001', 'dummy1', false),
  ('00000000-0000-0000-0000-000000000002', 'dummy2', false),
  ('00000000-0000-0000-0000-000000000003', 'dummy3', false),
  ('00000000-0000-0000-0000-000000000004', 'dummy4', false),
  ('00000000-0000-0000-0000-000000000005', 'dummy5', false),
  ('00000000-0000-0000-0000-000000000006', 'dummy6', false),
  ('00000000-0000-0000-0000-000000000007', 'dummy7', false),
  ('00000000-0000-0000-0000-000000000008', 'dummy8', false),
  ('00000000-0000-0000-0000-000000000009', 'dummy9', false),
  ('00000000-0000-0000-0000-000000000010', 'dummy10', false),
  ('00000000-0000-0000-0000-000000000011', 'dummy11', false),
  ('00000000-0000-0000-0000-000000000012', 'dummy12', false),
  ('00000000-0000-0000-0000-000000000013', 'dummy13', false),
  ('00000000-0000-0000-0000-000000000014', 'dummy14', false),
  ('00000000-0000-0000-0000-000000000015', 'dummy15', false),
  ('00000000-0000-0000-0000-000000000016', 'dummy16', false),
  ('00000000-0000-0000-0000-000000000017', 'dummy17', false),
  ('00000000-0000-0000-0000-000000000018', 'dummy18', false),
  ('00000000-0000-0000-0000-000000000019', 'dummy19', false),
  ('00000000-0000-0000-0000-000000000020', 'dummy20', false),
  ('00000000-0000-0000-0000-000000000021', 'dummy21', false),
  ('00000000-0000-0000-0000-000000000022', 'dummy22', false),
  ('00000000-0000-0000-0000-000000000023', 'dummy23', false),
  ('00000000-0000-0000-0000-000000000024', 'dummy24', false),
  ('00000000-0000-0000-0000-000000000025', 'dummy25', false),
  ('00000000-0000-0000-0000-000000000026', 'dummy26', false),
  ('00000000-0000-0000-0000-000000000027', 'dummy27', false),
  ('00000000-0000-0000-0000-000000000028', 'dummy28', false),
  ('00000000-0000-0000-0000-000000000029', 'dummy29', false),
  ('00000000-0000-0000-0000-000000000030', 'dummy30', false),
  ('00000000-0000-0000-0000-000000000031', 'dummy31', false),
  ('00000000-0000-0000-0000-000000000032', 'dummy32', false),
  ('00000000-0000-0000-0000-000000000033', 'dummy33', false),
  ('00000000-0000-0000-0000-000000000034', 'dummy34', false),
  ('00000000-0000-0000-0000-000000000035', 'dummy35', false)
ON CONFLICT (id) DO NOTHING;

-- =========================
-- 2. Tambah banyak dummy challenges (20 total)
-- =========================
INSERT INTO public.challenges (id, title, description, category, points, hint, difficulty, is_active)
VALUES
  ('10000000-0000-0000-0000-000000000001', 'Dummy Challenge 1', 'deskripsi: flag{dummy1}', 'Web', 100, '["Hint dummy 1"]', 'Easy', true),
  ('10000000-0000-0000-0000-000000000002', 'Dummy Challenge 2', 'deskripsi: flag{dummy2}', 'Cryptography', 200, '["Hint dummy 2"]', 'Medium', true),
  ('10000000-0000-0000-0000-000000000003', 'Dummy Challenge 3', 'deskripsi: flag{dummy3}', 'Forensics', 300, '["Hint dummy 3"]', 'Hard', true),
  ('10000000-0000-0000-0000-000000000004', 'Dummy Challenge 4', 'deskripsi: flag{dummy4}', 'PWN', 400, '["Hint dummy 4"]', 'Medium', true),
  ('10000000-0000-0000-0000-000000000005', 'Dummy Challenge 5', 'deskripsi: flag{dummy5}', 'Reverse', 500, '["Hint dummy 5"]', 'Hard', true),
  ('10000000-0000-0000-0000-000000000006', 'Dummy Challenge 6', 'deskripsi: flag{dummy6}', 'Web', 150, '["Hint dummy 6"]', 'Easy', true),
  ('10000000-0000-0000-0000-000000000007', 'Dummy Challenge 7', 'deskripsi: flag{dummy7}', 'Cryptography', 250, '["Hint dummy 7"]', 'Medium', true),
  ('10000000-0000-0000-0000-000000000008', 'Dummy Challenge 8', 'deskripsi: flag{dummy8}', 'Forensics', 350, '["Hint dummy 8"]', 'Hard', true),
  ('10000000-0000-0000-0000-000000000009', 'Dummy Challenge 9', 'deskripsi: flag{dummy9}', 'PWN', 450, '["Hint dummy 9"]', 'Medium', true),
  ('10000000-0000-0000-0000-000000000010', 'Dummy Challenge 10', 'deskripsi: flag{dummy10}', 'Reverse', 550, '["Hint dummy 10"]', 'Hard', true),
  ('10000000-0000-0000-0000-000000000011', 'Dummy Challenge 11', 'deskripsi: flag{dummy11}', 'Web', 120, '["Hint dummy 11"]', 'Easy', true),
  ('10000000-0000-0000-0000-000000000012', 'Dummy Challenge 12', 'deskripsi: flag{dummy12}', 'Cryptography', 220, '["Hint dummy 12"]', 'Medium', true),
  ('10000000-0000-0000-0000-000000000013', 'Dummy Challenge 13', 'deskripsi: flag{dummy13}', 'Forensics', 320, '["Hint dummy 13"]', 'Hard', true),
  ('10000000-0000-0000-0000-000000000014', 'Dummy Challenge 14', 'deskripsi: flag{dummy14}', 'PWN', 420, '["Hint dummy 14"]', 'Medium', true),
  ('10000000-0000-0000-0000-000000000015', 'Dummy Challenge 15', 'deskripsi: flag{dummy15}', 'Reverse', 520, '["Hint dummy 15"]', 'Hard', true),
  ('10000000-0000-0000-0000-000000000016', 'Dummy Challenge 16', 'deskripsi: flag{dummy16}', 'Web', 180, '["Hint dummy 16"]', 'Easy', true),
  ('10000000-0000-0000-0000-000000000017', 'Dummy Challenge 17', 'deskripsi: flag{dummy17}', 'Cryptography', 280, '["Hint dummy 17"]', 'Medium', true),
  ('10000000-0000-0000-0000-000000000018', 'Dummy Challenge 18', 'deskripsi: flag{dummy18}', 'Forensics', 380, '["Hint dummy 18"]', 'Hard', true),
  ('10000000-0000-0000-0000-000000000019', 'Dummy Challenge 19', 'deskripsi: flag{dummy19}', 'PWN', 480, '["Hint dummy 19"]', 'Medium', true),
  ('10000000-0000-0000-0000-000000000020', 'Dummy Challenge 20', 'deskripsi: flag{dummy20}', 'Reverse', 580, '["Hint dummy 20"]', 'Hard', true)
ON CONFLICT (id) DO NOTHING;

INSERT INTO public.challenge_flags (challenge_id, flag)
VALUES
  ('10000000-0000-0000-0000-000000000001', 'flag{dummy1}'),
  ('10000000-0000-0000-0000-000000000002', 'flag{dummy2}'),
  ('10000000-0000-0000-0000-000000000003', 'flag{dummy3}'),
  ('10000000-0000-0000-0000-000000000004', 'flag{dummy4}'),
  ('10000000-0000-0000-0000-000000000005', 'flag{dummy5}'),
  ('10000000-0000-0000-0000-000000000006', 'flag{dummy6}'),
  ('10000000-0000-0000-0000-000000000007', 'flag{dummy7}'),
  ('10000000-0000-0000-0000-000000000008', 'flag{dummy8}'),
  ('10000000-0000-0000-0000-000000000009', 'flag{dummy9}'),
  ('10000000-0000-0000-0000-000000000010', 'flag{dummy10}'),
  ('10000000-0000-0000-0000-000000000011', 'flag{dummy11}'),
  ('10000000-0000-0000-0000-000000000012', 'flag{dummy12}'),
  ('10000000-0000-0000-0000-000000000013', 'flag{dummy13}'),
  ('10000000-0000-0000-0000-000000000014', 'flag{dummy14}'),
  ('10000000-0000-0000-0000-000000000015', 'flag{dummy15}'),
  ('10000000-0000-0000-0000-000000000016', 'flag{dummy16}'),
  ('10000000-0000-0000-0000-000000000017', 'flag{dummy17}'),
  ('10000000-0000-0000-0000-000000000018', 'flag{dummy18}'),
  ('10000000-0000-0000-0000-000000000019', 'flag{dummy19}'),
  ('10000000-0000-0000-0000-000000000020', 'flag{dummy20}')
ON CONFLICT (challenge_id) DO NOTHING;

-- =========================
-- 3. Tambah banyak dummy solves (random 1-3 solve per user)
-- =========================
INSERT INTO public.solves (id, user_id, challenge_id, created_at)
VALUES
  -- dummy1 (2 chall)
  ('20000000-0000-0000-0000-000000000001', '00000000-0000-0000-0000-000000000001', '10000000-0000-0000-0000-000000000001', NOW() - INTERVAL '1 days' - (random() * INTERVAL '55minute'),
  ('20000000-0000-0000-0000-000000000002', '00000000-0000-0000-0000-000000000001', '10000000-0000-0000-0000-000000000002', NOW() - INTERVAL '1 days'),

  -- dummy2 (3 chall)
  ('20000000-0000-0000-0000-000000000003', '00000000-0000-0000-0000-000000000002', '10000000-0000-0000-0000-000000000003', NOW() - INTERVAL '4 hours'),
  ('20000000-0000-0000-0000-000000000004', '00000000-0000-0000-0000-000000000002', '10000000-0000-0000-0000-000000000004', NOW() - INTERVAL '2 hours'),
  ('20000000-0000-0000-0000-000000000005', '00000000-0000-0000-0000-000000000002', '10000000-0000-0000-0000-000000000005', NOW() - INTERVAL '2 hours'),

  -- dummy3 (1 chall)
  ('20000000-0000-0000-0000-000000000006', '00000000-0000-0000-0000-000000000003', '10000000-0000-0000-0000-000000000006', NOW() - INTERVAL '2 days'),

  -- dummy4 (2 chall)
  ('20000000-0000-0000-0000-000000000007', '00000000-0000-0000-0000-000000000004', '10000000-0000-0000-0000-000000000007', NOW() - INTERVAL '6 hours'),
  ('20000000-0000-0000-0000-000000000008', '00000000-0000-0000-0000-000000000004', '10000000-0000-0000-0000-000000000008', NOW() - INTERVAL '5 hours'),

  -- dummy5 (1 chall)
  ('20000000-0000-0000-0000-000000000009', '00000000-0000-0000-0000-000000000005', '10000000-0000-0000-0000-000000000009', NOW() - INTERVAL '4 days'),

  -- dummy6 (1 chall)
  ('20000000-0000-0000-0000-000000000010', '00000000-0000-0000-0000-000000000006', '10000000-0000-0000-0000-000000000010', NOW() - INTERVAL '3 hours'),

  -- dummy7 (3 chall)
  ('20000000-0000-0000-0000-000000000011', '00000000-0000-0000-0000-000000000007', '10000000-0000-0000-0000-000000000011', NOW() - INTERVAL '2 days'),
  ('20000000-0000-0000-0000-000000000012', '00000000-0000-0000-0000-000000000007', '10000000-0000-0000-0000-000000000012', NOW() - INTERVAL '1 days'),
  ('20000000-0000-0000-0000-000000000013', '00000000-0000-0000-0000-000000000007', '10000000-0000-0000-0000-000000000013', NOW() - INTERVAL '5 hours'),

  -- dummy8 (2 chall)
  ('20000000-0000-0000-0000-000000000014', '00000000-0000-0000-0000-000000000008', '10000000-0000-0000-0000-000000000014', NOW() - INTERVAL '3 days'),
  ('20000000-0000-0000-0000-000000000015', '00000000-0000-0000-0000-000000000008', '10000000-0000-0000-0000-000000000015', NOW() - INTERVAL '12 hours'),

  -- dummy9 (1 chall)
  ('20000000-0000-0000-0000-000000000016', '00000000-0000-0000-0000-000000000009', '10000000-0000-0000-0000-000000000016', NOW() - INTERVAL '1 days'),

  -- dummy10 (2 chall)
  ('20000000-0000-0000-0000-000000000017', '00000000-0000-0000-0000-000000000010', '10000000-0000-0000-0000-000000000017', NOW() - INTERVAL '2 days'),
  ('20000000-0000-0000-0000-000000000018', '00000000-0000-0000-0000-000000000010', '10000000-0000-0000-0000-000000000018', NOW() - INTERVAL '3 hours'),

  -- dummy11 (1 chall)
  ('20000000-0000-0000-0000-000000000019', '00000000-0000-0000-0000-000000000011', '10000000-0000-0000-0000-000000000019', NOW() - INTERVAL '4 hours'),

  -- dummy12 (3 chall)
  ('20000000-0000-0000-0000-000000000020', '00000000-0000-0000-0000-000000000012', '10000000-0000-0000-0000-000000000020', NOW() - INTERVAL '5 days'),
  ('20000000-0000-0000-0000-000000000021', '00000000-0000-0000-0000-000000000012', '10000000-0000-0000-0000-000000000001', NOW() - INTERVAL '3 days'),
  ('20000000-0000-0000-0000-000000000022', '00000000-0000-0000-0000-000000000012', '10000000-0000-0000-0000-000000000002', NOW() - INTERVAL '2 hours'),

  -- dummy13 (2 chall)
  ('20000000-0000-0000-0000-000000000023', '00000000-0000-0000-0000-000000000013', '10000000-0000-0000-0000-000000000003', NOW() - INTERVAL '6 hours'),
  ('20000000-0000-0000-0000-000000000024', '00000000-0000-0000-0000-000000000013', '10000000-0000-0000-0000-000000000004', NOW() - INTERVAL '2 hours'),

  -- dummy14 (1 chall)
  ('20000000-0000-0000-0000-000000000025', '00000000-0000-0000-0000-000000000014', '10000000-0000-0000-0000-000000000005', NOW() - INTERVAL '7 days'),

  -- dummy15 (2 chall)
  ('20000000-0000-0000-0000-000000000026', '00000000-0000-0000-0000-000000000015', '10000000-0000-0000-0000-000000000006', NOW() - INTERVAL '8 hours'),
  ('20000000-0000-0000-0000-000000000027', '00000000-0000-0000-0000-000000000015', '10000000-0000-0000-0000-000000000007', NOW() - INTERVAL '3 hours'),

  -- dummy16 (3 chall)
  ('20000000-0000-0000-0000-000000000028', '00000000-0000-0000-0000-000000000016', '10000000-0000-0000-0000-000000000008', NOW() - INTERVAL '2 days'),
  ('20000000-0000-0000-0000-000000000029', '00000000-0000-0000-0000-000000000016', '10000000-0000-0000-0000-000000000009', NOW() - INTERVAL '1 days'),
  ('20000000-0000-0000-0000-000000000030', '00000000-0000-0000-0000-000000000016', '10000000-0000-0000-0000-000000000010', NOW() - INTERVAL '6 hours'),

  -- dummy17 (1 chall)
  ('20000000-0000-0000-0000-000000000031', '00000000-0000-0000-0000-000000000017', '10000000-0000-0000-0000-000000000011', NOW() - INTERVAL '2 days'),

  -- dummy18 (3 chall)
  ('20000000-0000-0000-0000-000000000032', '00000000-0000-0000-0000-000000000018', '10000000-0000-0000-0000-000000000012', NOW() - INTERVAL '1 days'),
  ('20000000-0000-0000-0000-000000000033', '00000000-0000-0000-0000-000000000018', '10000000-0000-0000-0000-000000000013', NOW() - INTERVAL '12 hours'),
  ('20000000-0000-0000-0000-000000000034', '00000000-0000-0000-0000-000000000018', '10000000-0000-0000-0000-000000000014', NOW() - INTERVAL '5 hours'),

  -- dummy19 (1 chall)
  ('20000000-0000-0000-0000-000000000035', '00000000-0000-0000-0000-000000000019', '10000000-0000-0000-0000-000000000015', NOW() - INTERVAL '1 days'),

  -- dummy20 (10 chall)
  ('20000000-0000-0000-0000-000000000036', '00000000-0000-0000-0000-000000000020', '10000000-0000-0000-0000-000000000016', NOW() - INTERVAL '3 days'),
  ('20000000-0000-0000-0000-000000000037', '00000000-0000-0000-0000-000000000020', '10000000-0000-0000-0000-000000000017', NOW() - INTERVAL '1 hours'),
  ('20000000-0000-0000-0000-000000000038', '00000000-0000-0000-0000-000000000020', '10000000-0000-0000-0000-000000000018', NOW() - INTERVAL '2 days'),
  ('20000000-0000-0000-0000-000000000039', '00000000-0000-0000-0000-000000000020', '10000000-0000-0000-0000-000000000019', NOW() - INTERVAL '12 hours'),
  ('20000000-0000-0000-0000-000000000040', '00000000-0000-0000-0000-000000000020', '10000000-0000-0000-0000-000000000020', NOW() - INTERVAL '5 hours'),
  ('20000000-0000-0000-0000-000000000041', '00000000-0000-0000-0000-000000000020', '10000000-0000-0000-0000-000000000001', NOW() - INTERVAL '4 hours'),
  ('20000000-0000-0000-0000-000000000042', '00000000-0000-0000-0000-000000000020', '10000000-0000-0000-0000-000000000002', NOW() - INTERVAL '3 hours'),
  ('20000000-0000-0000-0000-000000000043', '00000000-0000-0000-0000-000000000020', '10000000-0000-0000-0000-000000000003', NOW() - INTERVAL '2 hours'),
  ('20000000-0000-0000-0000-000000000044', '00000000-0000-0000-0000-000000000020', '10000000-0000-0000-0000-000000000004', NOW() - INTERVAL '2 hours'),
  ('20000000-0000-0000-0000-000000000045', '00000000-0000-0000-0000-000000000020', '10000000-0000-0000-0000-000000000005', NOW() - INTERVAL '30 minutes'),

  -- dummy21 (8 chall)
  ('20000000-0000-0000-0000-000000000046', '00000000-0000-0000-0000-000000000021', '10000000-0000-0000-0000-000000000006', NOW() - INTERVAL '3 days'),
  ('20000000-0000-0000-0000-000000000047', '00000000-0000-0000-0000-000000000021', '10000000-0000-0000-0000-000000000007', NOW() - INTERVAL '2 days'),
  ('20000000-0000-0000-0000-000000000048', '00000000-0000-0000-0000-000000000021', '10000000-0000-0000-0000-000000000008', NOW() - INTERVAL '1 days'),
  ('20000000-0000-0000-0000-000000000049', '00000000-0000-0000-0000-000000000021', '10000000-0000-0000-0000-000000000009', NOW() - INTERVAL '6 hours'),
  ('20000000-0000-0000-0000-000000000050', '00000000-0000-0000-0000-000000000021', '10000000-0000-0000-0000-000000000010', NOW() - INTERVAL '3 hours'),
  ('20000000-0000-0000-0000-000000000051', '00000000-0000-0000-0000-000000000021', '10000000-0000-0000-0000-000000000011', NOW() - INTERVAL '2 hours'),
  ('20000000-0000-0000-0000-000000000052', '00000000-0000-0000-0000-000000000021', '10000000-0000-0000-0000-000000000012', NOW() - INTERVAL '2 hours'),
  ('20000000-0000-0000-0000-000000000053', '00000000-0000-0000-0000-000000000021', '10000000-0000-0000-0000-000000000013', NOW() - INTERVAL '30 minutes'),

  -- dummy22 (5 chall)
  ('20000000-0000-0000-0000-000000000054', '00000000-0000-0000-0000-000000000022', '10000000-0000-0000-0000-000000000014', NOW() - INTERVAL '2 days'),
  ('20000000-0000-0000-0000-000000000055', '00000000-0000-0000-0000-000000000022', '10000000-0000-0000-0000-000000000015', NOW() - INTERVAL '1 days'),
  ('20000000-0000-0000-0000-000000000056', '00000000-0000-0000-0000-000000000022', '10000000-0000-0000-0000-000000000016', NOW() - INTERVAL '5 hours'),
  ('20000000-0000-0000-0000-000000000057', '00000000-0000-0000-0000-000000000022', '10000000-0000-0000-0000-000000000017', NOW() - INTERVAL '2 hours'),
  ('20000000-0000-0000-0000-000000000058', '00000000-0000-0000-0000-000000000022', '10000000-0000-0000-0000-000000000018', NOW() - INTERVAL '2 hours'),

  -- dummy23 (9 chall)
  ('20000000-0000-0000-0000-000000000059', '00000000-0000-0000-0000-000000000023', '10000000-0000-0000-0000-000000000019', NOW() - INTERVAL '3 days'),
  ('20000000-0000-0000-0000-000000000060', '00000000-0000-0000-0000-000000000023', '10000000-0000-0000-0000-000000000010', NOW() - INTERVAL '2 days'),
  ('20000000-0000-0000-0000-000000000061', '00000000-0000-0000-0000-000000000023', '10000000-0000-0000-0000-000000000011', NOW() - INTERVAL '1 days'),
  ('20000000-0000-0000-0000-000000000062', '00000000-0000-0000-0000-000000000023', '10000000-0000-0000-0000-000000000012', NOW() - INTERVAL '12 hours'),
  ('20000000-0000-0000-0000-000000000063', '00000000-0000-0000-0000-000000000023', '10000000-0000-0000-0000-000000000013', NOW() - INTERVAL '6 hours'),
  ('20000000-0000-0000-0000-000000000064', '00000000-0000-0000-0000-000000000023', '10000000-0000-0000-0000-000000000014', NOW() - INTERVAL '5 hours'),
  ('20000000-0000-0000-0000-000000000065', '00000000-0000-0000-0000-000000000023', '10000000-0000-0000-0000-000000000015', NOW() - INTERVAL '3 hours'),
  ('20000000-0000-0000-0000-000000000066', '00000000-0000-0000-0000-000000000023', '10000000-0000-0000-0000-000000000016', NOW() - INTERVAL '2 hours'),
  ('20000000-0000-0000-0000-000000000067', '00000000-0000-0000-0000-000000000023', '10000000-0000-0000-0000-000000000017', NOW() - INTERVAL '2 hours'),

  -- dummy24 (7 chall)
  ('20000000-0000-0000-0000-000000000068', '00000000-0000-0000-0000-000000000024', '10000000-0000-0000-0000-000000000018', NOW() - INTERVAL '4 days'),
  ('20000000-0000-0000-0000-000000000069', '00000000-0000-0000-0000-000000000024', '10000000-0000-0000-0000-000000000019', NOW() - INTERVAL '3 days'),
  ('20000000-0000-0000-0000-000000000070', '00000000-0000-0000-0000-000000000024', '10000000-0000-0000-0000-000000000010', NOW() - INTERVAL '2 days'),
  ('20000000-0000-0000-0000-000000000071', '00000000-0000-0000-0000-000000000024', '10000000-0000-0000-0000-000000000011', NOW() - INTERVAL '1 days'),
  ('20000000-0000-0000-0000-000000000072', '00000000-0000-0000-0000-000000000024', '10000000-0000-0000-0000-000000000012', NOW() - INTERVAL '12 hours'),
  ('20000000-0000-0000-0000-000000000073', '00000000-0000-0000-0000-000000000024', '10000000-0000-0000-0000-000000000013', NOW() - INTERVAL '6 hours'),
  ('20000000-0000-0000-0000-000000000074', '00000000-0000-0000-0000-000000000024', '10000000-0000-0000-0000-000000000014', NOW() - INTERVAL '3 hours'),

  -- dummy25 (6 chall)
  ('20000000-0000-0000-0000-000000000075', '00000000-0000-0000-0000-000000000025', '10000000-0000-0000-0000-000000000015', NOW() - INTERVAL '2 days'),
  ('20000000-0000-0000-0000-000000000076', '00000000-0000-0000-0000-000000000025', '10000000-0000-0000-0000-000000000016', NOW() - INTERVAL '1 days'),
  ('20000000-0000-0000-0000-000000000077', '00000000-0000-0000-0000-000000000025', '10000000-0000-0000-0000-000000000017', NOW() - INTERVAL '6 hours'),
  ('20000000-0000-0000-0000-000000000078', '00000000-0000-0000-0000-000000000025', '10000000-0000-0000-0000-000000000018', NOW() - INTERVAL '3 hours'),
  ('20000000-0000-0000-0000-000000000079', '00000000-0000-0000-0000-000000000025', '10000000-0000-0000-0000-000000000019', NOW() - INTERVAL '2 hours'),
  ('20000000-0000-0000-0000-000000000080', '00000000-0000-0000-0000-000000000025', '10000000-0000-0000-0000-000000000010', NOW() - INTERVAL '2 hours'),

  -- dummy26 (10 chall)
  ('20000000-0000-0000-0000-000000000081', '00000000-0000-0000-0000-000000000026', '10000000-0000-0000-0000-000000000011', NOW() - INTERVAL '5 days'),
  ('20000000-0000-0000-0000-000000000082', '00000000-0000-0000-0000-000000000026', '10000000-0000-0000-0000-000000000012', NOW() - INTERVAL '4 days'),
  ('20000000-0000-0000-0000-000000000083', '00000000-0000-0000-0000-000000000026', '10000000-0000-0000-0000-000000000013', NOW() - INTERVAL '3 days'),
  ('20000000-0000-0000-0000-000000000084', '00000000-0000-0000-0000-000000000026', '10000000-0000-0000-0000-000000000014', NOW() - INTERVAL '2 days'),
  ('20000000-0000-0000-0000-000000000085', '00000000-0000-0000-0000-000000000026', '10000000-0000-0000-0000-000000000015', NOW() - INTERVAL '1 days'),
  ('20000000-0000-0000-0000-000000000086', '00000000-0000-0000-0000-000000000026', '10000000-0000-0000-0000-000000000016', NOW() - INTERVAL '12 hours'),
  ('20000000-0000-0000-0000-000000000087', '00000000-0000-0000-0000-000000000026', '10000000-0000-0000-0000-000000000017', NOW() - INTERVAL '6 hours'),
  ('20000000-0000-0000-0000-000000000088', '00000000-0000-0000-0000-000000000026', '10000000-0000-0000-0000-000000000018', NOW() - INTERVAL '3 hours'),
  ('20000000-0000-0000-0000-000000000089', '00000000-0000-0000-0000-000000000026', '10000000-0000-0000-0000-000000000019', NOW() - INTERVAL '2 hours'),
  ('20000000-0000-0000-0000-000000000090', '00000000-0000-0000-0000-000000000026', '10000000-0000-0000-0000-000000000010', NOW() - INTERVAL '2 hours'),

  -- dummy27 (8 chall)
  ('20000000-0000-0000-0000-000000000091', '00000000-0000-0000-0000-000000000027', '10000000-0000-0000-0000-000000000011', NOW() - INTERVAL '3 days'),
  ('20000000-0000-0000-0000-000000000092', '00000000-0000-0000-0000-000000000027', '10000000-0000-0000-0000-000000000012', NOW() - INTERVAL '2 days'),
  ('20000000-0000-0000-0000-000000000093', '00000000-0000-0000-0000-000000000027', '10000000-0000-0000-0000-000000000013', NOW() - INTERVAL '1 days'),
  ('20000000-0000-0000-0000-000000000094', '00000000-0000-0000-0000-000000000027', '10000000-0000-0000-0000-000000000014', NOW() - INTERVAL '12 hours'),
  ('20000000-0000-0000-0000-000000000095', '00000000-0000-0000-0000-000000000027', '10000000-0000-0000-0000-000000000015', NOW() - INTERVAL '6 hours'),

  -- dummy28 (4 chall)
  ('20000000-0000-0000-0000-000000000056', '00000000-0000-0000-0000-000000000028', '10000000-0000-0000-0000-000000000016', NOW() - INTERVAL '3 days')
ON CONFLICT (id) DO NOTHING;

-- =========================
-- 4. Hapus semua data dummy (tanpa hapus data asli)
-- =========================
DELETE FROM public.solves WHERE id::text LIKE '20000000-%';
DELETE FROM public.challenges WHERE id::text LIKE '10000000-%';
DELETE FROM public.users WHERE id::text LIKE '00000000-%';

-- 5. RESTORE FK CONSTRAINT (BALIK KE NORMAL)
ALTER TABLE public.users
  ADD CONSTRAINT users_id_fkey FOREIGN KEY (id) REFERENCES auth.users(id) ON DELETE CASCADE;
