-- 0. DROP FK CONSTRAINT SEMENTARA (HANYA UNTUK TESTING!)
ALTER TABLE public.users DROP CONSTRAINT IF EXISTS users_id_fkey;

DELETE FROM public.solves WHERE id::text LIKE '20000000-%';
DELETE FROM public.challenges WHERE id::text LIKE '10000000-%';
DELETE FROM public.users WHERE id::text LIKE '00000000-%';

-- =========================
-- 1. tambah banyak dummy users (28 total)
-- =========================
INSERT INTO public.users (id, username, created_at) VALUES
  ('00000000-0000-0000-0000-000000000001', 'alya23', '2025-08-26 11:40:19'),
  ('00000000-0000-0000-0000-000000000002', 'bintangx', '2025-08-20 11:40:19'),
  ('00000000-0000-0000-0000-000000000003', 'dimas_dev', '2025-09-02 11:40:19'),
  ('00000000-0000-0000-0000-000000000004', 'salsaa', '2025-07-27 11:40:19'),
  ('00000000-0000-0000-0000-000000000005', 'indra7', '2025-09-02 11:40:19'),
  ('00000000-0000-0000-0000-000000000006', 'naufaljs', '2025-08-19 11:40:19'),
  ('00000000-0000-0000-0000-000000000007', 'putri.codes', '2025-08-27 11:40:19'),
  ('00000000-0000-0000-0000-000000000008', 'ramadhanx', '2025-09-01 11:40:19'),
  ('00000000-0000-0000-0000-000000000009', 'zahra98', '2025-09-02 11:40:19'),
  ('00000000-0000-0000-0000-000000000010', 'fikri_h', '2025-08-11 11:40:19'),
  ('00000000-0000-0000-0000-000000000011', 'rizkiyy', '2025-08-28 11:40:19'),
  ('00000000-0000-0000-0000-000000000012', 'ananda_r', '2025-07-27 11:40:19'),
  ('00000000-0000-0000-0000-000000000013', 'syifa_dev', '2025-08-01 11:40:19'),
  ('00000000-0000-0000-0000-000000000014', 'dwianto', '2025-08-27 11:40:19'),
  ('00000000-0000-0000-0000-000000000015', 'hanifx', '2025-08-04 11:40:19'),
  ('00000000-0000-0000-0000-000000000016', 'lutfia', '2025-09-03 11:40:19'),
  ('00000000-0000-0000-0000-000000000017', 'kevinh', '2025-07-30 11:40:19'),
  ('00000000-0000-0000-0000-000000000018', 'marcello', '2025-08-18 11:40:19'),
  ('00000000-0000-0000-0000-000000000019', 'tiara_s', '2025-08-12 11:40:19'),
  ('00000000-0000-0000-0000-000000000020', 'akbar99', '2025-08-28 11:40:19'),
  ('00000000-0000-0000-0000-000000000021', 'gilang', '2025-07-26 11:40:19'),
  ('00000000-0000-0000-0000-000000000022', 'saskia', '2025-08-08 11:40:19'),
  ('00000000-0000-0000-0000-000000000023', 'farhan.id', '2025-08-23 11:40:19'),
  ('00000000-0000-0000-0000-000000000024', 'nadine_07', '2025-08-06 11:40:19'),
  ('00000000-0000-0000-0000-000000000025', 'arya.codes', '2025-08-31 11:40:19'),
  ('00000000-0000-0000-0000-000000000026', 'novita', '2025-08-11 11:40:19'),
  ('00000000-0000-0000-0000-000000000027', 'fauzanx', '2025-07-28 11:40:19'),
  ('00000000-0000-0000-0000-000000000028', 'yusril_dev', '2025-07-27 11:40:19');

-- =========================
-- 2. Tambah banyak dummy challenges (20 total)
-- =========================
INSERT INTO public.challenges (id, title, description, category, points, hint, difficulty, is_active)
VALUES
  ('10000000-0000-0000-0000-000000000001', 'Dummy Challenge 1', 'deskripsi: flag{dummy1}', 'Web', 100, '["Hint dummy 1"]', 'Easy', true),
  ('10000000-0000-0000-0000-000000000002', 'Dummy Challenge 2', 'deskripsi: flag{dummy2}', 'Crypto', 200, '["Hint dummy 2"]', 'Medium', true),
  ('10000000-0000-0000-0000-000000000003', 'Dummy Challenge 3', 'deskripsi: flag{dummy3}', 'Forensics', 300, '["Hint dummy 3"]', 'Hard', true),
  ('10000000-0000-0000-0000-000000000004', 'Dummy Challenge 4', 'deskripsi: flag{dummy4}', 'PWN', 400, '["Hint dummy 4"]', 'Medium', true),
  ('10000000-0000-0000-0000-000000000005', 'Dummy Challenge 5', 'deskripsi: flag{dummy5}', 'Reverse', 500, '["Hint dummy 5"]', 'Hard', true),
  ('10000000-0000-0000-0000-000000000006', 'Dummy Challenge 6', 'deskripsi: flag{dummy6}', 'Web', 150, '["Hint dummy 6"]', 'Easy', true),
  ('10000000-0000-0000-0000-000000000007', 'Dummy Challenge 7', 'deskripsi: flag{dummy7}', 'Crypto', 250, '["Hint dummy 7"]', 'Medium', true),
  ('10000000-0000-0000-0000-000000000008', 'Dummy Challenge 8', 'deskripsi: flag{dummy8}', 'Forensics', 350, '["Hint dummy 8"]', 'Hard', true),
  ('10000000-0000-0000-0000-000000000009', 'Dummy Challenge 9', 'deskripsi: flag{dummy9}', 'PWN', 450, '["Hint dummy 9"]', 'Medium', true),
  ('10000000-0000-0000-0000-000000000010', 'Dummy Challenge 10', 'deskripsi: flag{dummy10}', 'Reverse', 550, '["Hint dummy 10"]', 'Hard', true),
  ('10000000-0000-0000-0000-000000000011', 'Dummy Challenge 11', 'deskripsi: flag{dummy11}', 'Web', 120, '["Hint dummy 11"]', 'Easy', true),
  ('10000000-0000-0000-0000-000000000012', 'Dummy Challenge 12', 'deskripsi: flag{dummy12}', 'Crypto', 220, '["Hint dummy 12"]', 'Medium', true),
  ('10000000-0000-0000-0000-000000000013', 'Dummy Challenge 13', 'deskripsi: flag{dummy13}', 'Forensics', 320, '["Hint dummy 13"]', 'Hard', true),
  ('10000000-0000-0000-0000-000000000014', 'Dummy Challenge 14', 'deskripsi: flag{dummy14}', 'PWN', 420, '["Hint dummy 14"]', 'Medium', true),
  ('10000000-0000-0000-0000-000000000015', 'Dummy Challenge 15', 'deskripsi: flag{dummy15}', 'Reverse', 520, '["Hint dummy 15"]', 'Hard', true),
  ('10000000-0000-0000-0000-000000000016', 'Dummy Challenge 16', 'deskripsi: flag{dummy16}', 'Web', 180, '["Hint dummy 16"]', 'Easy', true),
  ('10000000-0000-0000-0000-000000000017', 'Dummy Challenge 17', 'deskripsi: flag{dummy17}', 'Crypto', 280, '["Hint dummy 17"]', 'Medium', true),
  ('10000000-0000-0000-0000-000000000018', 'Dummy Challenge 18', 'deskripsi: flag{dummy18}', 'Forensics', 380, '["Hint dummy 18"]', 'Hard', true),
  ('10000000-0000-0000-0000-000000000019', 'Dummy Challenge 19', 'deskripsi: flag{dummy19}', 'PWN', 480, '["Hint dummy 19"]', 'Medium', true),
  ('10000000-0000-0000-0000-000000000020', 'Dummy Challenge 20', 'deskripsi: flag{dummy20}', 'Reverse', 580, '["Hint dummy 20"]', 'Hard', true)
ON CONFLICT (id) DO NOTHING;

INSERT INTO public.challenge_flags (challenge_id, flag)
VALUES
  ('10000000-0000-0000-0000-000000000001', 'flag{dummy1}'),
  ('10000000-0000-0000-0000-000000000002', 'flag{dummy2}'),
  ('10000000-0000-0000-0000-000000000003', 'flag{dummy3}'),
  ('10000000-0000-0000-0000-000000000004', 'flag{dummy4}'),
  ('10000000-0000-0000-0000-000000000005', 'flag{dummy5}'),
  ('10000000-0000-0000-0000-000000000006', 'flag{dummy6}'),
  ('10000000-0000-0000-0000-000000000007', 'flag{dummy7}'),
  ('10000000-0000-0000-0000-000000000008', 'flag{dummy8}'),
  ('10000000-0000-0000-0000-000000000009', 'flag{dummy9}'),
  ('10000000-0000-0000-0000-000000000010', 'flag{dummy10}'),
  ('10000000-0000-0000-0000-000000000011', 'flag{dummy11}'),
  ('10000000-0000-0000-0000-000000000012', 'flag{dummy12}'),
  ('10000000-0000-0000-0000-000000000013', 'flag{dummy13}'),
  ('10000000-0000-0000-0000-000000000014', 'flag{dummy14}'),
  ('10000000-0000-0000-0000-000000000015', 'flag{dummy15}'),
  ('10000000-0000-0000-0000-000000000016', 'flag{dummy16}'),
  ('10000000-0000-0000-0000-000000000017', 'flag{dummy17}'),
  ('10000000-0000-0000-0000-000000000018', 'flag{dummy18}'),
  ('10000000-0000-0000-0000-000000000019', 'flag{dummy19}'),
  ('10000000-0000-0000-0000-000000000020', 'flag{dummy20}')
ON CONFLICT (challenge_id) DO NOTHING;


-- =========================
-- 3. Tambah banyak solves (50 total)
-- =========================
INSERT INTO public.solves (id, user_id, challenge_id, created_at) VALUES
  ('20000000-0000-0000-0000-000000000001', '00000000-0000-0000-0000-000000000001', '10000000-0000-0000-0000-000000000012', '2025-09-22 05:26:02'),
  ('20000000-0000-0000-0000-000000000002', '00000000-0000-0000-0000-000000000001', '10000000-0000-0000-0000-000000000003', '2025-09-21 07:16:37'),
  ('20000000-0000-0000-0000-000000000003', '00000000-0000-0000-0000-000000000002', '10000000-0000-0000-0000-000000000005', '2025-09-23 00:04:15'),
  ('20000000-0000-0000-0000-000000000004', '00000000-0000-0000-0000-000000000002', '10000000-0000-0000-0000-000000000019', '2025-09-20 15:21:07'),
  ('20000000-0000-0000-0000-000000000005', '00000000-0000-0000-0000-000000000002', '10000000-0000-0000-0000-000000000014', '2025-09-22 22:48:59'),
  ('20000000-0000-0000-0000-000000000006', '00000000-0000-0000-0000-000000000003', '10000000-0000-0000-0000-000000000017', '2025-09-19 14:28:30'),
  ('20000000-0000-0000-0000-000000000007', '00000000-0000-0000-0000-000000000004', '10000000-0000-0000-0000-000000000005', '2025-09-17 23:03:58'),
  ('20000000-0000-0000-0000-000000000008', '00000000-0000-0000-0000-000000000004', '10000000-0000-0000-0000-000000000004', '2025-09-17 22:02:18'),
  ('20000000-0000-0000-0000-000000000009', '00000000-0000-0000-0000-000000000005', '10000000-0000-0000-0000-000000000001', '2025-09-22 06:33:00'),
  ('20000000-0000-0000-0000-000000000010', '00000000-0000-0000-0000-000000000006', '10000000-0000-0000-0000-000000000010', '2025-09-20 01:43:39'),
  ('20000000-0000-0000-0000-000000000011', '00000000-0000-0000-0000-000000000007', '10000000-0000-0000-0000-000000000001', '2025-09-21 19:29:54'),
  ('20000000-0000-0000-0000-000000000012', '00000000-0000-0000-0000-000000000007', '10000000-0000-0000-0000-000000000012', '2025-09-18 19:09:37'),
  ('20000000-0000-0000-0000-000000000013', '00000000-0000-0000-0000-000000000007', '10000000-0000-0000-0000-000000000019', '2025-09-20 15:38:45'),
  ('20000000-0000-0000-0000-000000000014', '00000000-0000-0000-0000-000000000008', '10000000-0000-0000-0000-000000000013', '2025-09-24 02:41:12'),
  ('20000000-0000-0000-0000-000000000015', '00000000-0000-0000-0000-000000000008', '10000000-0000-0000-0000-000000000011', '2025-09-19 05:23:40'),
  ('20000000-0000-0000-0000-000000000016', '00000000-0000-0000-0000-000000000009', '10000000-0000-0000-0000-000000000006', '2025-09-20 04:45:00'),
  ('20000000-0000-0000-0000-000000000017', '00000000-0000-0000-0000-000000000010', '10000000-0000-0000-0000-000000000006', '2025-09-23 04:23:57'),
  ('20000000-0000-0000-0000-000000000018', '00000000-0000-0000-0000-000000000010', '10000000-0000-0000-0000-000000000010', '2025-09-20 12:21:13'),
  ('20000000-0000-0000-0000-000000000019', '00000000-0000-0000-0000-000000000011', '10000000-0000-0000-0000-000000000003', '2025-09-20 19:40:46'),
  ('20000000-0000-0000-0000-000000000020', '00000000-0000-0000-0000-000000000012', '10000000-0000-0000-0000-000000000014', '2025-09-22 10:31:34'),
  ('20000000-0000-0000-0000-000000000021', '00000000-0000-0000-0000-000000000012', '10000000-0000-0000-0000-000000000019', '2025-09-19 10:12:18'),
  ('20000000-0000-0000-0000-000000000022', '00000000-0000-0000-0000-000000000012', '10000000-0000-0000-0000-000000000013', '2025-09-22 00:05:05'),
  ('20000000-0000-0000-0000-000000000023', '00000000-0000-0000-0000-000000000013', '10000000-0000-0000-0000-000000000012', '2025-09-22 02:57:01'),
  ('20000000-0000-0000-0000-000000000024', '00000000-0000-0000-0000-000000000013', '10000000-0000-0000-0000-000000000020', '2025-09-23 20:23:18'),
  ('20000000-0000-0000-0000-000000000025', '00000000-0000-0000-0000-000000000014', '10000000-0000-0000-0000-000000000012', '2025-09-17 11:45:44'),
  ('20000000-0000-0000-0000-000000000026', '00000000-0000-0000-0000-000000000015', '10000000-0000-0000-0000-000000000009', '2025-09-16 12:47:07'),
  ('20000000-0000-0000-0000-000000000027', '00000000-0000-0000-0000-000000000015', '10000000-0000-0000-0000-000000000006', '2025-09-23 23:07:15'),
  ('20000000-0000-0000-0000-000000000028', '00000000-0000-0000-0000-000000000016', '10000000-0000-0000-0000-000000000001', '2025-09-24 05:04:00'),
  ('20000000-0000-0000-0000-000000000029', '00000000-0000-0000-0000-000000000016', '10000000-0000-0000-0000-000000000012', '2025-09-24 06:37:13'),
  ('20000000-0000-0000-0000-000000000030', '00000000-0000-0000-0000-000000000016', '10000000-0000-0000-0000-000000000014', '2025-09-21 20:31:30'),
  ('20000000-0000-0000-0000-000000000031', '00000000-0000-0000-0000-000000000017', '10000000-0000-0000-0000-000000000007', '2025-09-19 09:23:29'),
  ('20000000-0000-0000-0000-000000000032', '00000000-0000-0000-0000-000000000018', '10000000-0000-0000-0000-000000000012', '2025-09-21 00:10:24'),
  ('20000000-0000-0000-0000-000000000033', '00000000-0000-0000-0000-000000000018', '10000000-0000-0000-0000-000000000001', '2025-09-20 10:37:45'),
  ('20000000-0000-0000-0000-000000000034', '00000000-0000-0000-0000-000000000018', '10000000-0000-0000-0000-000000000019', '2025-09-23 05:25:10'),
  ('20000000-0000-0000-0000-000000000035', '00000000-0000-0000-0000-000000000019', '10000000-0000-0000-0000-000000000004', '2025-09-17 05:58:04'),
  ('20000000-0000-0000-0000-000000000036', '00000000-0000-0000-0000-000000000020', '10000000-0000-0000-0000-000000000015', '2025-09-22 05:16:17'),
  ('20000000-0000-0000-0000-000000000037', '00000000-0000-0000-0000-000000000020', '10000000-0000-0000-0000-000000000008', '2025-09-17 11:17:46'),
  ('20000000-0000-0000-0000-000000000038', '00000000-0000-0000-0000-000000000020', '10000000-0000-0000-0000-000000000013', '2025-09-21 11:20:55'),
  ('20000000-0000-0000-0000-000000000039', '00000000-0000-0000-0000-000000000020', '10000000-0000-0000-0000-000000000019', '2025-09-21 00:47:31'),
  ('20000000-0000-0000-0000-000000000040', '00000000-0000-0000-0000-000000000020', '10000000-0000-0000-0000-000000000016', '2025-09-20 21:56:11'),
  ('20000000-0000-0000-0000-000000000041', '00000000-0000-0000-0000-000000000020', '10000000-0000-0000-0000-000000000009', '2025-09-20 22:33:05'),
  ('20000000-0000-0000-0000-000000000042', '00000000-0000-0000-0000-000000000020', '10000000-0000-0000-0000-000000000001', '2025-09-22 06:37:11'),
  ('20000000-0000-0000-0000-000000000043', '00000000-0000-0000-0000-000000000020', '10000000-0000-0000-0000-000000000004', '2025-09-16 19:59:47'),
  ('20000000-0000-0000-0000-000000000044', '00000000-0000-0000-0000-000000000020', '10000000-0000-0000-0000-000000000002', '2025-09-16 11:45:32'),
  ('20000000-0000-0000-0000-000000000045', '00000000-0000-0000-0000-000000000020', '10000000-0000-0000-0000-000000000006', '2025-09-22 15:35:10'),
  ('20000000-0000-0000-0000-000000000046', '00000000-0000-0000-0000-000000000021', '10000000-0000-0000-0000-000000000007', '2025-09-22 06:54:09'),
  ('20000000-0000-0000-0000-000000000047', '00000000-0000-0000-0000-000000000021', '10000000-0000-0000-0000-000000000018', '2025-09-20 13:15:15'),
  ('20000000-0000-0000-0000-000000000048', '00000000-0000-0000-0000-000000000021', '10000000-0000-0000-0000-000000000012', '2025-09-18 03:41:57'),
  ('20000000-0000-0000-0000-000000000049', '00000000-0000-0000-0000-000000000021', '10000000-0000-0000-0000-000000000019', '2025-09-16 21:43:55'),
  ('20000000-0000-0000-0000-000000000050', '00000000-0000-0000-0000-000000000021', '10000000-0000-0000-0000-000000000008', '2025-09-21 18:38:33'),
  ('20000000-0000-0000-0000-000000000051', '00000000-0000-0000-0000-000000000021', '10000000-0000-0000-0000-000000000002', '2025-09-20 02:05:22'),
  ('20000000-0000-0000-0000-000000000052', '00000000-0000-0000-0000-000000000021', '10000000-0000-0000-0000-000000000005', '2025-09-18 19:56:47'),
  ('20000000-0000-0000-0000-000000000053', '00000000-0000-0000-0000-000000000021', '10000000-0000-0000-0000-000000000015', '2025-09-16 15:24:05'),
  ('20000000-0000-0000-0000-000000000054', '00000000-0000-0000-0000-000000000022', '10000000-0000-0000-0000-000000000009', '2025-09-24 03:58:43'),
  ('20000000-0000-0000-0000-000000000055', '00000000-0000-0000-0000-000000000022', '10000000-0000-0000-0000-000000000002', '2025-09-16 15:36:56'),
  ('20000000-0000-0000-0000-000000000056', '00000000-0000-0000-0000-000000000022', '10000000-0000-0000-0000-000000000004', '2025-09-16 13:46:19'),
  ('20000000-0000-0000-0000-000000000057', '00000000-0000-0000-0000-000000000022', '10000000-0000-0000-0000-000000000003', '2025-09-19 00:23:04'),
  ('20000000-0000-0000-0000-000000000058', '00000000-0000-0000-0000-000000000022', '10000000-0000-0000-0000-000000000013', '2025-09-21 16:43:50'),
  ('20000000-0000-0000-0000-000000000059', '00000000-0000-0000-0000-000000000023', '10000000-0000-0000-0000-000000000013', '2025-09-18 02:12:54'),
  ('20000000-0000-0000-0000-000000000060', '00000000-0000-0000-0000-000000000023', '10000000-0000-0000-0000-000000000015', '2025-09-21 19:50:16'),
  ('20000000-0000-0000-0000-000000000061', '00000000-0000-0000-0000-000000000023', '10000000-0000-0000-0000-000000000003', '2025-09-19 08:55:48'),
  ('20000000-0000-0000-0000-000000000062', '00000000-0000-0000-0000-000000000023', '10000000-0000-0000-0000-000000000004', '2025-09-21 23:36:07'),
  ('20000000-0000-0000-0000-000000000063', '00000000-0000-0000-0000-000000000023', '10000000-0000-0000-0000-000000000018', '2025-09-22 14:27:38'),
  ('20000000-0000-0000-0000-000000000064', '00000000-0000-0000-0000-000000000023', '10000000-0000-0000-0000-000000000001', '2025-09-22 15:49:57'),
  ('20000000-0000-0000-0000-000000000065', '00000000-0000-0000-0000-000000000023', '10000000-0000-0000-0000-000000000007', '2025-09-22 20:54:00'),
  ('20000000-0000-0000-0000-000000000066', '00000000-0000-0000-0000-000000000023', '10000000-0000-0000-0000-000000000020', '2025-09-20 11:28:30'),
  ('20000000-0000-0000-0000-000000000067', '00000000-0000-0000-0000-000000000023', '10000000-0000-0000-0000-000000000012', '2025-09-20 11:59:21'),
  ('20000000-0000-0000-0000-000000000068', '00000000-0000-0000-0000-000000000024', '10000000-0000-0000-0000-000000000008', '2025-09-21 18:24:07'),
  ('20000000-0000-0000-0000-000000000069', '00000000-0000-0000-0000-000000000024', '10000000-0000-0000-0000-000000000002', '2025-09-20 18:00:42'),
  ('20000000-0000-0000-0000-000000000070', '00000000-0000-0000-0000-000000000024', '10000000-0000-0000-0000-000000000013', '2025-09-17 00:45:28'),
  ('20000000-0000-0000-0000-000000000071', '00000000-0000-0000-0000-000000000024', '10000000-0000-0000-0000-000000000003', '2025-09-20 19:30:41'),
  ('20000000-0000-0000-0000-000000000072', '00000000-0000-0000-0000-000000000024', '10000000-0000-0000-0000-000000000014', '2025-09-20 08:25:22'),
  ('20000000-0000-0000-0000-000000000073', '00000000-0000-0000-0000-000000000024', '10000000-0000-0000-0000-000000000006', '2025-09-18 03:54:00'),
  ('20000000-0000-0000-0000-000000000074', '00000000-0000-0000-0000-000000000024', '10000000-0000-0000-0000-000000000011', '2025-09-18 05:14:03'),
  ('20000000-0000-0000-0000-000000000075', '00000000-0000-0000-0000-000000000025', '10000000-0000-0000-0000-000000000003', '2025-09-24 01:05:40'),
  ('20000000-0000-0000-0000-000000000076', '00000000-0000-0000-0000-000000000025', '10000000-0000-0000-0000-000000000001', '2025-09-23 16:57:05'),
  ('20000000-0000-0000-0000-000000000077', '00000000-0000-0000-0000-000000000025', '10000000-0000-0000-0000-000000000017', '2025-09-23 06:37:12'),
  ('20000000-0000-0000-0000-000000000078', '00000000-0000-0000-0000-000000000025', '10000000-0000-0000-0000-000000000005', '2025-09-21 10:53:41'),
  ('20000000-0000-0000-0000-000000000079', '00000000-0000-0000-0000-000000000025', '10000000-0000-0000-0000-000000000008', '2025-09-17 20:22:49'),
  ('20000000-0000-0000-0000-000000000080', '00000000-0000-0000-0000-000000000025', '10000000-0000-0000-0000-000000000007', '2025-09-18 09:32:52'),
  ('20000000-0000-0000-0000-000000000081', '00000000-0000-0000-0000-000000000026', '10000000-0000-0000-0000-000000000005', '2025-09-18 23:26:58'),
  ('20000000-0000-0000-0000-000000000082', '00000000-0000-0000-0000-000000000026', '10000000-0000-0000-0000-000000000004', '2025-09-23 05:05:24'),
  ('20000000-0000-0000-0000-000000000083', '00000000-0000-0000-0000-000000000026', '10000000-0000-0000-0000-000000000011', '2025-09-18 14:39:17'),
  ('20000000-0000-0000-0000-000000000084', '00000000-0000-0000-0000-000000000026', '10000000-0000-0000-0000-000000000009', '2025-09-23 05:03:51'),
  ('20000000-0000-0000-0000-000000000085', '00000000-0000-0000-0000-000000000026', '10000000-0000-0000-0000-000000000001', '2025-09-22 05:41:10'),
  ('20000000-0000-0000-0000-000000000086', '00000000-0000-0000-0000-000000000026', '10000000-0000-0000-0000-000000000020', '2025-09-21 09:01:44'),
  ('20000000-0000-0000-0000-000000000087', '00000000-0000-0000-0000-000000000026', '10000000-0000-0000-0000-000000000019', '2025-09-23 00:02:23'),
  ('20000000-0000-0000-0000-000000000088', '00000000-0000-0000-0000-000000000026', '10000000-0000-0000-0000-000000000016', '2025-09-17 09:12:04'),
  ('20000000-0000-0000-0000-000000000089', '00000000-0000-0000-0000-000000000026', '10000000-0000-0000-0000-000000000015', '2025-09-20 11:49:31'),
  ('20000000-0000-0000-0000-000000000090', '00000000-0000-0000-0000-000000000026', '10000000-0000-0000-0000-000000000008', '2025-09-17 19:57:32'),
  ('20000000-0000-0000-0000-000000000091', '00000000-0000-0000-0000-000000000027', '10000000-0000-0000-0000-000000000007', '2025-09-16 17:26:16'),
  ('20000000-0000-0000-0000-000000000092', '00000000-0000-0000-0000-000000000027', '10000000-0000-0000-0000-000000000013', '2025-09-18 19:50:12'),
  ('20000000-0000-0000-0000-000000000093', '00000000-0000-0000-0000-000000000027', '10000000-0000-0000-0000-000000000018', '2025-09-20 06:27:14'),
  ('20000000-0000-0000-0000-000000000094', '00000000-0000-0000-0000-000000000027', '10000000-0000-0000-0000-000000000001', '2025-09-21 10:51:54'),
  ('20000000-0000-0000-0000-000000000095', '00000000-0000-0000-0000-000000000027', '10000000-0000-0000-0000-000000000019', '2025-09-23 16:19:42');

-- =========================
-- 4. Hapus semua data dummy (tanpa hapus data asli)
-- =========================
-- DELETE FROM public.solves WHERE id::text LIKE '20000000-%';
-- DELETE FROM public.challenges WHERE id::text LIKE '10000000-%';
-- DELETE FROM public.users WHERE id::text LIKE '00000000-%';

-- -- 5. RESTORE FK CONSTRAINT (BALIK KE NORMAL)
-- ALTER TABLE public.users
--   ADD CONSTRAINT users_id_fkey FOREIGN KEY (id) REFERENCES auth.users(id) ON DELETE CASCADE;
